Txn Date,Value Date,Narration,Ref No,Withdrawal,Deposit,Closing Balance
04-03-2026,04-03-2026,IMPS INWARD ACME LOGISTICS LLP,UTR773901,,"7,800.00","4,20,450.00"
06-03-2026,06-03-2026,NEFT OUTWARD OFFICE RENT MARCH,UTR773954,"45,000.00",,"3,75,450.00"
11-03-2026,11-03-2026,NEFT INWARD RAZORPAY SETL BATCH,UTR774008,,"59,999.78","4,35,449.78"
14-03-2026,14-03-2026,UPI/COLLECT/BRIGHTPATH TRADERS/1180,UTR774061,,"2,650.00","4,38,099.78"
18-03-2026,18-03-2026,NEFT INWARD CLDPLTFRM RENEWAL NORTHWND,UTR774120,,"31,200.00","4,69,299.78"
20-03-2026,20-03-2026,BANK CHARGES QTR ENDING MAR,UTR774188,590.00,,"4,68,709.78"
26-03-2026,26-03-2026,UPI/COLLECT/9911/PAYMENT RECEIVED,UTR774501,,"4,120.00","4,72,829.78"
30-03-2026,30-03-2026,NEFT INWARD RAZORPAY SETL NORTHWND RTL,INV-3050,,"24,999.00","4,97,828.78"
31-03-2026,31-03-2026,INTEREST CREDIT QTR,UTR774610,,"1,240.00","4,99,068.78"
